Date,VGK,EZU,HEDJ,IEUR,FEZ,EWG,IEV,EWU,HEZU,EWP,EWL,DBEU,DFE,EUFN,FEP,EWQ,FDD,GREK,EWI,EWD,HEWG,FEU,IEUS,FSZ,GVAL,FGM,EWN,EUSC,NORW,EWO,EDEN,EIRL,FEUZ,DXGE,EWUS,EWK,EURL,ADRD,EUDG,EWGS,WBIA,DBEZ,ENOR,EUMV,EFNL,OEUR,PGAL,GXF,DBGR,SMEZ,EPV,HEWU,DAX,ADRU,HEWP,EUDV,HFXE,ZGBR,FKU,ZDEU,UPV,HEWL,EDOM,DBUK,GRMY,HEWI,EURZ
2015-12-01,44.98682,32.259003,46.55632,38.280113,31.261314000000002,24.428692,36.600449,28.592768,23.662924,24.95137,28.870321,22.009123000000002,50.040634000000004,17.708426,27.824638,22.398895,10.729631,7.351592,25.154247,25.931845000000003,22.687483,28.371346999999997,41.642165999999996,37.915473999999996,16.079407,34.296291,22.188097,22.567915,8.408909,14.416613,53.067062,39.658848,29.719336,23.511663000000002,35.651188,16.74416,23.715335999999997,18.483141,20.981348,38.841759,22.148360999999998,23.975998,17.227709,21.356337,29.828791,20.946402,8.600365,18.671623,22.315208,45.214062,58.437321,17.103767,23.197529,17.963457000000002,17.610617,37.069443,15.483423000000002,,36.39349,,38.414821999999994,19.705585,21.810928,15.939835,21.597849,13.894081,21.648332999999997
2016-01-01,42.663246,30.632403999999998,48.156239,36.239799,29.478609000000002,22.693775,34.837933,27.481666999999998,22.577198000000003,23.688608,27.121729,21.260767,47.432056,15.839742999999999,25.890081,21.626537,10.282295,6.627163,22.130820999999997,24.345201,21.170017,26.853077000000003,39.204304,35.203812,15.229566,31.710577,21.884851,21.788023000000003,8.277677,13.202029999999999,51.43269,37.234966,27.969639,22.834743,33.030758,15.984129999999999,19.567593,17.619616,20.027143,36.128815,20.911476,22.842901,16.647713,21.075319,29.334847999999997,20.657297,8.523128999999999,18.410881,20.838243,42.253452,64.676361,17.286671,21.354839000000002,17.076859,16.961385999999997,34.524525,14.597607,,33.243229,,33.838882,19.861099,20.104345000000002,15.474114000000002,21.597849,12.743657,21.648332999999997
2016-02-01,41.286716,29.340677000000003,46.29446,35.135811,28.211199,21.789011,33.754978,26.622868,21.576420000000002,22.50238,26.349745000000002,20.592892000000003,46.732151,14.855799,25.40052,21.078674,10.123016,6.045997,20.682329,24.407467,20.294916,25.724119,38.573166,35.355228000000004,15.047394,31.511671000000003,21.294888,21.346435999999997,8.349735,13.072598,50.273270000000004,35.861942,27.384514000000003,21.967717999999998,32.261532,15.248264,17.50836,16.718104999999998,19.629870999999998,35.630947,20.528408,21.912399,16.877909,20.473425,27.41395,19.987032,7.954328,17.854877,19.96261,41.103123,68.000519,17.061666,20.700356,16.632842999999998,16.124006,34.073708,14.463432000000001,,32.002193,,31.377871999999996,19.180984,19.091509,15.641282,21.597849,11.871617,21.656111
2016-03-01,43.940159,31.730375,48.091396,37.480633000000005,30.299227000000002,23.999626,35.893349,28.054205,22.356844,24.425507,27.651885999999998,21.12377,51.173854999999996,15.73432,27.311682,22.452969,10.768977,7.058350999999999,22.369184,26.195332,21.421377,26.924759,41.608166,37.957661,16.905544,34.665684000000006,23.036688,22.464499,8.998258,14.533328,53.713512,38.598396,29.86585,23.19981,34.734039,16.449869,21.402359,17.530357000000002,20.882445999999998,39.247581,21.088274,22.732232999999997,18.065718,21.467461,29.197640999999997,21.302425,9.011942,18.922045,21.089754,44.619568,58.79669200000001,17.559611999999998,22.719901999999998,17.112382999999998,16.845577,35.839378,15.194443,,34.374759999999995,,35.771159999999995,19.404819,21.188885,15.961082000000001,21.597849,12.347274,21.656111
2016-04-01,45.408333,32.542316,48.6133,38.684975,31.151740999999998,24.466,36.994656,29.181381,22.788372,25.917274,28.470375,21.560457,51.371277,16.551348,27.856559999999998,22.982256,11.184012,7.358306,23.304287,26.889126,21.709974,28.223990999999998,42.406357,38.534927,17.58869,35.226833,23.149061,22.755754,9.781889,15.014073000000002,54.40726899999999,38.396755,30.229782,23.510113,35.091179,16.692053,22.84675,18.162020000000002,21.018141,39.5294,20.804410999999998,23.07345,19.621836,21.795763,29.398878000000003,21.761132999999997,9.145255,19.379402,21.350584,45.349045000000004,55.272881000000005,17.977148,23.077065,17.982529,17.66781,36.562557,15.526404000000001,,34.894684000000005,,37.943771000000005,19.814611,21.672897,16.222739999999998,21.597849,12.763474,21.656111
2016-05-01,45.180659999999996,31.361313,49.755505,38.511627000000004,30.959896,24.186176,36.682617,28.841441999999997,23.265808,25.108486,28.405268,21.937208,52.28653,16.454708,27.950896999999998,22.935827,11.068713,7.88323,22.277506,26.284277000000003,22.128904000000002,28.106543,43.093174,38.184779999999996,16.923763,34.838371,23.326988,23.451014,9.529686,14.255973000000001,55.671223,39.068867,30.191971000000002,24.21286,35.906185,17.01807,22.261185,18.09911,20.950554,40.449996999999996,21.402588,23.654435999999997,19.087782,21.841362,29.508640000000003,21.417105,8.976392,19.110367,21.807029999999997,45.124596000000004,55.422619,18.055243,22.729252,17.884016,17.629509,36.684647,15.608305999999999,,35.453651,,37.588078,20.549826,21.565336,16.266348,21.597849,12.578497,21.656111
2016-06-01,42.494045,29.77433,46.92321,36.029945,28.475069,22.432608,34.681915000000004,27.499561,22.099762,22.448458,27.577478000000003,21.021019,45.789963,13.784002,25.790668,21.236534,10.412395,6.777141,19.893906,24.327414,21.104848999999998,26.977221999999998,38.628859999999996,36.519226,16.623179999999998,32.772892,21.678831,21.618904,9.448622,13.100335000000001,52.611118000000005,34.508109999999995,27.951677,22.195885,31.061914,16.496441,18.152480999999998,17.532951,20.173285,37.75396,21.188461,21.708593,18.655016,21.020599,28.703695,21.516695000000002,8.363153,18.410881,20.083706,40.408257,56.880058,18.929745,21.425898,17.051163,16.186360999999998,36.00843,14.881648,,30.4687,,33.435123,19.852491,18.874601000000002,16.607958,15.987891000000001,11.653606,16.903042000000003
2016-07-01,44.844322,31.990591,50.217289,38.102268,30.53698,24.508523999999998,36.583553,28.254118,22.366024,24.087034,28.845158,22.395785999999998,50.079879999999996,14.850624,27.607508000000003,22.812416,10.893663,7.039603,20.803352,25.919667999999998,21.830997,28.038828000000002,41.561043,38.201240999999996,17.604347,35.312034999999995,22.876127,23.185032,9.403584,14.271239999999999,55.010525,36.089484999999996,29.89852,24.289089,32.805958000000004,17.053478,20.016525,18.432316,21.258284,41.037052,22.104872,23.375122,18.926533,21.751028,30.964352,21.855019,8.923067,18.895139999999998,22.004433,43.644119,52.687424,18.905003,22.953257,18.018074,16.499044,36.977661,15.441978,,31.854406,,35.924973,20.093542000000003,20.480238,17.439664999999998,17.446676,11.435597,18.195797
2016-08-01,45.150837,32.349918,50.966515,38.270286999999996,30.799498,25.043604000000002,36.762005,28.562019,23.3554,24.307177,28.816513,22.652191000000002,50.347389,15.780495000000002,27.990545,22.736216,10.902835000000001,6.889624,20.989265,26.409769,22.929659,27.974352000000003,41.986195,38.625912,17.817451000000002,35.67667,23.598132999999997,23.194544,9.448622,14.69486,54.164806000000006,37.647240000000004,30.748102000000003,24.893951,33.46487,17.062866,20.348345000000002,18.450557999999997,21.096224,41.313812,21.825922,23.698322,19.076893,21.490202,31.226688,21.751486,8.958617,18.500557,22.562235,44.119858,51.808971,19.714057999999998,23.479622,17.954468,17.138144,36.356293,15.779937,,32.316196000000005,,36.636359999999996,20.675808,20.706226,17.75959,17.573954,12.044423,18.195797
2016-09-01,45.262299,32.614703999999996,50.966515,38.61565,30.715117,25.100932999999998,36.987431,28.688796999999997,23.421539000000003,24.600697,29.169797999999997,22.802498,51.029999,15.64375,28.268251,23.012438,10.838644,6.730272,20.48731,26.881371,22.862864000000002,27.863815000000002,43.063255,39.745502,18.095415,35.974136,23.807133,23.232601000000003,10.034094,15.363235000000001,53.36713,36.776443,30.517708000000002,24.761639000000002,33.752552,17.710827,20.709442000000003,18.395834,21.23922,42.239536,21.451696,23.793383,20.232785999999997,21.574038,32.266636,21.594238,8.789755,18.482622,22.494917,45.109390000000005,50.561161,20.04751,23.498421,17.70005,17.293282,35.939201000000004,15.750819,,31.660442,,37.01128,20.693493,20.667797,18.153917,17.12359,11.735414,18.434912
2016-10-01,43.900677,32.283733000000005,51.668884000000006,37.346199,30.663121999999998,24.756954,35.813373999999996,27.167421,23.742765,25.178566,27.699371000000003,22.820180999999998,49.453671,16.181618,27.49555,22.907660999999997,10.638159,6.824008999999999,20.970675,25.466562,23.082333,27.061325,40.654049,38.423225,18.743345,35.060534999999994,23.256132,23.556925,9.962035,15.476201000000001,50.810738,35.044533,30.87735,25.149701999999998,31.107664,16.809317,18.435501000000002,17.88994,20.03434,40.464443,20.341785,24.088066,20.063627,20.307169000000002,30.139889,20.272604,8.754205,17.334743,22.706497,44.104633,54.144867000000005,20.166315,23.225838,17.274732999999998,18.078094,33.175102,15.656369,,29.846781,,34.867508,20.081532,20.790792,18.161356,17.417307,12.264161,19.051157
2016-11-01,42.873432,30.997675,51.164753000000005,36.552792,29.542795,23.725016,34.921089,27.221756,23.619944,23.087229,27.069190999999996,22.687559,48.350788,16.382179,27.062775,22.336163,10.499882000000001,7.433296,20.217739,25.420324,22.939201,26.376696000000003,39.718716,38.452183000000005,17.903671,33.054604,22.353626000000002,23.12705,9.907991,15.146720000000002,46.98576,35.2187,29.508888,25.13073,31.618084000000003,16.086235000000002,17.059425,17.834841,19.441719,37.983128,22.690277,23.91696,20.044833999999998,19.375647,29.343533,19.294584,8.194291,16.83255,22.581469,42.055161,56.68040799999999,19.706139,22.351696,17.036461,17.238523,32.723003000000006,15.299774,,29.921515000000003,,32.685284,20.183235,20.373967999999998,17.833992000000002,17.877458999999998,12.277892999999999,19.051157
2016-12-01,44.769165,32.718712,54.59856800000001,37.980927,31.501011,25.301588,36.452061,27.792272999999998,25.13162,24.316349,28.129042,22.431151999999997,50.621429,17.284706,28.072578000000004,23.498215,10.942369,7.302065,22.504431,26.566966999999998,24.2083,27.662684999999996,41.400433,39.388393,18.845968,34.302315,22.942629,24.671722,9.94402,15.560926,49.003966999999996,36.312022999999996,31.488131,27.028105,31.478871999999996,16.443082999999998,19.499277,18.339942999999998,20.206388,38.689353999999994,22.797337,25.485441,20.439528,19.766884,30.823824,20.260014,8.274279,17.011902,24.235651,44.348213,51.359756,17.924028,23.592413,17.604641,18.240534,33.486343,15.273166,,30.556749,,35.790386,20.819069,21.361523000000002,15.088586,17.877458999999998,10.37578,19.527437
2017-01-01,46.315792,33.636856,54.83424399999999,39.461731,32.129837,26.294836,37.702789,28.874859000000004,25.234396,25.857025,29.359959000000003,24.076414,53.070774,18.043022,29.322815000000002,23.908028,11.063310000000001,7.235005999999999,22.272209,28.208565000000004,25.047169,28.434765000000002,43.180256,40.980915,20.064903,36.452206,23.807241,25.279135,10.821391,16.483366,51.814629,37.502888,32.737716999999996,27.369631,33.318634,16.879935999999997,21.20717,18.883572,20.956732000000002,41.715881,22.972519000000002,25.686993,21.796719,20.368605,31.063969,20.596783,8.546933000000001,18.479657999999997,24.59149,46.168834999999994,48.155388,20.835688,24.715734,18.210688,18.996338,33.559878999999995,16.581215,,31.34145,,37.799572,21.318945000000003,22.114269,18.72887,20.236971,13.298243,20.557752999999998
2017-02-01,46.587917,33.703476,56.906166000000006,39.706542999999996,32.29039,26.304392,37.948837,29.297192,25.785864,25.687654000000002,29.656139000000003,24.662948999999998,53.341778000000005,17.566517,29.428606,23.812435,11.165403999999999,7.368810000000001,22.187773,28.032839000000003,25.54353,28.722922999999998,43.750919,41.801303999999995,20.196047,36.509792,24.490473,25.810209,10.589571000000001,16.436132,51.468426,38.135231,32.39077,27.862949,33.695969,16.936802,21.499952,19.198452,21.378168,42.184708,23.482866,26.222934999999996,21.340837,20.751923,31.354554999999998,20.937407999999998,8.769414,18.367943,25.072357,46.46497,47.596371000000005,21.384956,24.839504,18.580633,19.211672,34.660999,16.638556,,31.687092,,38.059132,21.984882,21.837957,19.281891,19.590797,13.468085,20.557752999999998
2017-03-01,48.3895,35.787941,59.971077,41.401394,34.330372,27.480061,39.604960999999996,29.884787,27.269119,28.613977000000002,30.55423,25.599518,55.192108,18.620323000000003,30.726925,25.341938,11.462405,7.607747,24.148552,29.198175,26.564890000000002,29.866262,45.215621999999996,43.297309999999996,20.645679,37.930256,25.799196,27.306875,10.385569,17.163477,53.27636,38.97187,34.500481,28.868559,34.516674,17.780325,24.418013000000002,19.485554,22.186552,44.538399,23.206551,27.696777,20.846972,21.55443,32.76059,21.909451999999998,9.511013,18.96376,26.091793,49.493217,43.453648,21.687057,26.020070999999998,18.978329000000002,21.321028,35.790828999999995,17.220402,,32.555878,,41.750645,22.65082,23.399448,19.58605,20.814610000000002,14.601901000000002,20.557752999999998
2017-04-01,50.548161,37.348904,61.99927099999999,43.025616,35.798573,28.368982,41.02449,30.389751,27.925177,30.034798,31.758057,26.02523,59.051628,19.500025,32.601608,26.785406,11.803882000000002,8.190752,24.814655,30.622477000000003,26.879889000000002,30.942678000000004,48.268677000000004,45.584751000000004,21.376333,39.467083,27.021317,28.455923,10.394842,18.504820000000002,57.209582999999995,41.0051,36.209095,29.181623,37.073112,18.424816,27.111607,19.934198000000002,23.460712,47.064312,23.741062,28.456669,20.970438,22.271969,35.150845000000004,22.550451000000002,9.631523,19.959892,26.418781,51.996059,40.019684000000005,21.311722,26.734122999999997,19.553078,21.973585,37.719485999999996,17.862171,,34.545029,,45.12492,23.401676000000002,23.472885,19.475445,21.372669000000002,14.716660000000001,20.557752999999998
2017-05-01,53.029334999999996,39.195408,62.439129,45.120644,37.416752,29.649791999999998,42.955059000000006,31.776114,28.467136,31.399157000000002,33.372707,26.782053,61.518738,20.068165,34.027023,28.095039,12.603828,8.821546000000001,26.14686,31.491858,27.299887,32.666924,50.208939,48.113479999999996,21.985212,41.782463,28.339663,29.218742,10.710118,19.987848,60.181132999999996,42.464363,38.08976,29.727118,37.535346999999994,19.211470000000002,31.005608000000002,20.745367,24.758213,51.121094,23.228809,29.055777000000003,21.521292000000003,23.858101,37.231773,23.913629999999998,10.716111999999999,20.965335999999997,26.822709999999997,55.167598999999996,36.266281,22.373644,27.914690000000004,20.485064,22.319994,39.550819,18.446886,,35.201423999999996,,48.902954,24.036327,25.978985,20.231237,22.616062,15.074707,22.074070000000003
2017-06-01,52.019882,38.386368,59.599247,44.131977,36.404209,28.932921999999998,41.942459,30.600924,27.868128000000002,30.900463000000002,32.780353999999996,25.902245,60.303870999999994,20.104817999999998,33.497299,27.4928,12.157346,9.662603,26.081186,31.371624,26.717616999999997,31.814175,49.495609,47.071106,22.106991,41.647953,27.839268,28.465582,10.673026,20.063416,60.267681,42.357346,37.564877,28.650358,36.412777,18.566978,30.361486,20.428358,24.133492,49.867702,23.736139,27.926468,20.989433,23.131123000000002,36.538128,23.510056,10.428742,21.151526999999998,25.986004,54.412921999999995,36.545788,21.824375,27.291084,20.093629999999997,21.861237,38.73008,18.079082,,33.822994,,48.066596999999994,24.16147,25.777029000000002,19.816473000000002,22.100103,15.083889000000001,21.725122
2017-07-01,54.249598999999996,40.242233,60.355698,46.136265,38.2313,29.919528999999997,43.864758,32.017185,27.421249,32.415749,33.633392,26.340637,64.018631,21.823083999999998,35.244820000000004,28.624599,12.613493,9.729506,28.422106,32.294277,25.648529,32.922829,52.183353000000004,48.901405,23.627804,43.834156,29.939037,28.988287,11.859948,21.905403,64.128273,43.075592,39.809074,28.804983,38.401928000000005,20.048544,32.957489,21.283058,24.803259,53.879364,23.511206,28.436071000000002,23.855520000000002,23.917645999999998,38.178467,23.796375,10.901511,21.756657,25.764252,57.614964,34.619171,21.549738,28.137386,20.84947,21.73016,39.326954,18.553957,,35.722977,,50.998657,23.74135,27.581878999999997,19.958641,22.390881,15.230779,21.725122
2017-08-01,54.287872,40.435565999999994,60.08316800000001,46.107548,38.279427,29.968245,43.826206,31.754446,27.819810999999998,32.016842,33.477276,26.407759000000002,63.88559,21.306171,35.546555,28.877398,12.537564,9.815522999999999,28.928279999999997,32.833302,26.117981,32.732197,52.067799,49.244609999999994,24.092957000000002,45.129124,29.841641999999997,28.875815999999997,12.101042,21.982094,65.939636,42.94812,40.352455,28.853316999999997,38.077293,19.874962,32.752541,21.093876,25.081882,55.572768999999994,22.608908,28.450674,24.330498000000002,24.061901000000002,38.380974,23.88862,11.031291,22.119732,25.686356,58.492644999999996,34.439487,22.36795,28.266403000000004,20.679192999999998,21.596828,39.00666,18.424221,,35.457096,,50.873684000000004,23.958273000000002,27.451157000000002,20.320683,22.723757,15.847911999999999,21.725122
2017-09-01,55.809162,41.875896000000004,62.97393,47.562767,39.703957,31.595259000000002,45.175594,32.702197999999996,29.065042,32.045338,34.179798,27.174870000000002,66.01416800000001,22.067439999999998,36.704838,30.044161,12.945675999999999,9.041367999999999,29.950176000000003,33.930264,27.744267999999998,33.94273,54.128551,50.372271999999995,23.950563,46.521458,30.572102,30.054321,12.564684,22.451838000000002,66.134407,45.379883,41.599789,30.488821,39.82457,20.424635000000002,35.807228,21.614128,25.789598,58.582195,23.936167,29.725746,25.251373,24.321562,39.046378999999995,24.162958,11.6153,22.520046,27.273495,60.735282999999995,32.273296,22.049345000000002,29.801028999999996,21.190025,21.776487,40.167858,19.011843,,36.169277,,54.257571999999996,24.519901,28.641640000000002,20.116455,23.51679,16.525896,21.725122
2017-10-01,56.290031000000006,42.368896,64.65864599999999,47.668079,40.226559,32.218784,45.406921000000004,32.899258,29.83728,32.140312,33.691933,27.759790000000002,66.25071,21.757296,37.311531,30.520588,13.036328999999999,8.859776,29.568159,33.646568,28.698615999999998,33.983204,54.677443999999994,50.43111,23.950377,48.035137,30.874025,30.61417,12.527593,22.864065,66.631073,45.615219,42.054210999999995,31.849417,40.578857,20.598215,36.080494,21.897865,26.036929999999998,59.617592,24.917461,30.446018,25.280455,24.465818,37.947021,24.064423,11.568951,22.222139000000002,28.208252,60.43981899999999,31.993784,22.555363,30.551851,21.359146,22.192536999999998,40.712115999999995,19.352396,,37.36116,,55.09393299999999,24.967379,28.669794,20.459929000000002,23.761551,16.582396,23.493189
2017-11-01,56.261215,42.262562,62.828224,47.160664000000004,39.975441,32.023933,45.339447,32.861721,29.190531,31.950359000000002,34.131012,27.270756,65.782333,21.841881,37.253025,30.491422999999998,13.064897,8.716414,29.615913,32.41721,28.309085999999997,34.049988,53.406326,50.735088,23.626337,49.716266999999995,30.708455999999998,30.378902000000004,12.082496,23.036623000000002,64.654152,45.428917,42.61311,31.513029,40.655246999999996,20.328201,35.797470000000004,22.126263,25.892979,60.652988,25.144882,29.852278000000002,24.311111,24.311945,37.937374,24.296614,11.272311,21.62632,27.847982000000002,61.03075,31.943872,22.143051,30.479095,21.47336,21.634649,40.060177,19.275791,,36.297531,,54.34409,25.177416,28.833247999999998,20.162868,23.634273999999998,16.244345000000003,23.612741
2017-12-01,56.818352000000004,41.933899,62.02985,48.031883,39.31868,32.170071,45.551495,33.612415000000006,28.775453999999996,31.124059999999997,34.716454,27.251580999999998,67.445534,21.907669,38.091705,30.355296999999997,13.074419,9.825080999999999,29.071534999999997,32.057860999999995,27.939034000000003,34.269413,55.707820999999996,51.715668,24.407843,50.335632000000004,30.903242,30.486734000000002,12.184498,23.621405,65.822762,47.056633000000005,43.044537,31.396027,41.638687,20.270342000000003,37.163788000000004,22.392733,26.222708,62.17221800000001,24.849237,29.540812,25.009039,24.371569,38.014526000000004,24.450502,11.022022,21.13291,27.701925,61.980118000000004,30.925660999999998,22.790569,30.644005,21.796988,20.963297,40.638168,19.476881,,38.204395,,56.343662,24.684278,29.076094,20.218569,23.888828,15.847911999999999,23.551506
2018-01-01,60.338043000000006,45.069,64.386024,51.291782,42.181545,34.194489000000004,48.372326,35.527454,30.012581,34.418746999999996,36.267857,27.911123,70.867462,23.965506,40.754173,32.505424,13.929756,11.012503,32.439144,34.404078999999996,28.774559000000004,36.180797999999996,59.52248,54.814293000000006,26.753621999999996,53.157177000000004,32.8806,31.486618,13.331776999999999,25.845449,68.48236800000001,48.45462,46.309643,32.1273,43.969452000000004,22.257153,43.685219000000004,23.622625,27.38376,66.763275,25.662769,30.751248999999998,26.689634,25.601509,40.472557,25.606361,12.103634,23.101315,28.270453999999997,66.490211,27.741257,22.859804,32.176689,23.068886,22.488018,42.332134,20.158119,,40.22625,,62.39044200000001,25.696908999999998,31.432302000000004,20.790924,25.376984,17.194643,25.241068
2018-02-01,56.629692000000006,42.369907,61.652007999999995,48.234207,39.284836,31.674587,45.38422,33.146846999999994,28.752363,31.751074,34.072468,26.836871999999996,67.584259,22.640923,38.639107,30.847478999999996,13.270529999999999,10.016691,30.451310999999997,32.398289,27.212845,33.536926,56.584301,52.029449,25.433165,49.283695,31.156744,30.61417,13.035938999999999,24.347862,67.028633,45.521267,43.701473,30.694002,41.409256,21.319597,35.50465,22.207179999999997,25.638676,63.41833100000001,24.436491,29.588058,26.172051999999997,24.327271,40.976044,23.796671,11.511349000000001,22.155645,26.894026,63.31522,31.055433,22.049419,29.644848,21.691071,21.227997,40.51804,19.107584,,38.673927,,54.459454,23.941103,29.970074,20.108782,23.653856,16.597476999999998,24.160560999999998
2018-03-01,56.156490000000005,42.088347999999996,61.241905,48.069721,39.013573,31.293671000000003,45.238701,33.223331,28.442156,31.422447,33.535816,26.565890999999997,67.113861,21.855632999999997,38.825157,30.623169,13.222759,9.469971000000001,30.873848,31.978027,26.744331,33.182487,56.311890000000005,51.421490000000006,25.165245000000002,49.136227000000005,31.313457,30.075015999999998,13.131371,24.502453,67.47065,46.143494,44.074073999999996,30.279615000000003,41.923233,20.850821,34.681698,21.834192,25.747746,62.526337,24.030701,29.197069,26.474790999999996,24.72316,40.608109000000006,23.825267999999998,11.711962,21.78896,26.210695,62.431664000000005,31.175221999999998,21.670473,29.334431,21.279636,20.814401999999998,40.253281,18.879795,,37.974426,,54.007626,24.524803,29.291317,19.196054,23.433569,16.465721,23.430487
2018-04-01,57.643791,43.039829,63.541138000000004,49.056656,40.378094,31.703885999999997,46.179756,34.657433000000005,29.615129,32.147358000000004,33.213829,27.775633000000003,68.059135,22.215164,39.448151,31.871503999999998,13.793892999999999,10.416967999999999,32.23748,31.376289,27.603275,34.113440999999995,57.469646,51.009651,24.906895000000002,49.914875,31.470173,31.024908,13.598985,24.357523,65.732063,46.449669,44.413315000000004,31.103516,43.300308,20.323446,36.699894,22.441017000000002,25.84046,62.875378000000005,23.792793,30.370034999999998,27.363468,25.022753,42.176666,24.102341,11.960339999999999,21.451220000000003,27.138075,62.436516000000005,29.837571999999998,23.089844,29.761257,21.901937,21.696417,41.018246000000005,19.524509,,39.882221,,56.651291,24.910797,29.595171,20.983076,23.291607,17.711241,24.214098
2018-05-01,56.246368000000004,41.496101,63.805122,47.914906,38.446545,30.902988,44.957352,34.447098,29.54727,29.489355,32.462517,27.862734000000003,66.41532099999999,20.31344,39.065731,31.03278,13.208754999999998,8.8842,29.087677000000003,30.95603,27.847292,33.081165000000006,56.82753,50.744892,23.385498000000002,48.794078999999996,30.706191999999998,30.61417,13.589441,22.937233,64.848045,47.862021999999996,43.040417,31.037214000000002,43.164539000000005,19.69841,33.731377,21.949823000000002,25.684265,61.993083999999996,24.553114,30.272287,27.256046,24.521811,41.67318,23.411524,11.969892,21.094182999999997,27.27474,59.357655,31.28503,23.769464000000003,28.820303000000003,21.381611,20.62492,41.194965,19.350786,52.289078,40.629768,61.307163,53.411602,24.251781,28.132006,21.45385,22.823622,16.512165,23.036248999999998
2018-06-01,54.47047,39.816452000000005,61.732383999999996,46.037788,37.20414,29.281654,43.375984,33.25201,29.140123,29.334709000000004,31.789265000000004,27.165922,62.733601,19.140238,37.643909,29.764941999999998,12.652394000000001,8.913488000000001,27.743247999999998,29.141268,27.095717999999998,32.251484000000005,54.696861,49.283833,22.696562,45.294037,29.883440000000004,29.437834000000002,13.656244000000001,21.88409,62.755852000000004,46.745968,40.971256,29.026699,41.496536,19.219867999999998,31.909119,21.554935,24.971626,58.415440000000004,24.067022,29.412113,26.924011,23.977098,39.514,23.331120000000002,12.12274,20.939789,26.005695000000003,57.576946,31.953853999999996,23.645374,27.850247999999997,20.822741,20.968298,40.959343,18.723454999999998,50.739994,39.290009000000005,58.001438,51.017883000000005,24.798765,25.98167,20.723669,21.793661,16.303632999999998,22.281837
2018-07-01,57.440029,42.339890000000004,65.589996,48.842056,39.703148,31.309998999999998,46.014824,34.360752000000005,29.508492999999998,30.982019,34.700001,28.686660999999997,65.315331,20.791969,39.425289,31.574257,13.387383999999999,9.08922,29.489221999999998,32.310352,27.652078999999997,34.332569,56.393528,51.610001000000004,23.752329,48.580185,31.567657,30.780001000000002,13.866192999999999,23.489239,67.608292,46.913818,43.419472,31.103001000000003,42.581154,20.272434,35.172379,22.627838,26.280956,62.428436,24.572224,31.036825,27.930623999999998,25.123381,40.940815,24.393061,12.371118,21.933704000000002,27.751241999999998,59.854153000000004,29.857538,23.548014000000002,29.368212,22.00967,21.401131,42.952686,19.796221,51.900172999999995,39.142406,62.30175799999999,54.959343000000004,25.641365,28.189703,21.583115,23.023851,16.417376,23.547178
2018-08-01,55.816978000000006,40.997189,63.82,47.671356,37.995911,30.23,44.585239,32.853615000000005,29.579242999999998,29.166473,34.77,28.104840999999997,63.617290000000004,19.601326,38.471451,30.877474,12.972118,8.513211,26.754532,31.85063,27.65,32.947083,55.770775,52.25,22.83357,48.410671,30.890924,30.32,13.675329999999999,22.502295999999998,67.339325,46.016804,42.34021,30.274,41.616085,19.44722,31.955209999999997,21.750412,25.841223,62.240871,25.080709,30.240090999999996,27.413757,24.845774,41.630657,23.893166,11.855255999999999,21.808258,27.112133,59.558082999999996,31.504644,23.379013,27.925323,21.082848000000002,20.731865,42.615021,19.304266000000002,50.012169,37.853725,61.062511,51.373577000000004,26.113152,27.177639000000003,21.436224,23.023851,15.4467,22.999571
2018-09-01,55.63884,40.788321999999994,63.220001,47.582066,37.985989000000004,29.74,44.744083,33.391876,29.499676,29.058525,34.689999,28.17387,62.491837,19.955568,37.974663,31.245771,12.962232,8.093409,27.307394,32.800053000000005,27.23,33.015862,54.7724,50.66,22.843243,46.187073,30.045008000000003,30.299999,14.52467,22.581251,64.321014,44.920456,41.517815,29.9,41.074467,19.059469,31.384583000000003,21.779659,25.512415,59.052322,24.208733,30.091078000000003,29.043871000000003,24.964748,41.470692,23.807684,11.616431,22.059151,26.722677,58.669895,31.474696999999995,23.604189,27.964584000000002,21.599918,20.692785,41.482861,19.353460000000002,51.513214000000005,37.893074,61.602745,51.075565000000005,26.172939000000003,26.767878000000003,21.406847,23.023851,15.884973,23.248484
2018-10-01,51.443596,37.167999,59.700001,43.831852000000005,34.921246000000004,27.25,41.289249,31.131173999999998,27.699459,27.174284000000004,33.099998,26.763696999999997,57.494556,18.174522,33.794346000000004,28.279465000000002,12.38303,7.527163000000001,24.730665,29.342154999999998,25.690001000000002,31.114132,49.226952000000004,46.529999,21.753813,41.34,27.646582000000002,28.16,13.179086999999999,20.90345,57.72654300000001,41.073260999999995,37.121899,28.455,37.027088,17.319558999999998,24.389495999999998,20.609797,23.442028,53.17868000000001,22.164253,28.412176000000002,26.429726000000002,23.499384,37.261639,22.504901999999998,10.613368,20.023069,25.304657000000002,53.567733999999994,36.935103999999995,22.615377,25.324194,19.995898999999998,19.639582,37.891193,18.074382999999997,47.453564,34.822165999999996,55.266723999999996,43.163803,25.083244,23.879939999999998,19.996696,20.434542,14.833117000000001,20.371046
2018-11-01,51.095871,37.038703999999996,59.860001000000004,43.56398,34.861622,26.84,41.219753000000004,30.759283,27.709406,27.969196000000004,33.209998999999996,26.724253000000004,56.431316,18.135164000000003,32.665867,27.950981,12.522389,7.331906,25.066329999999997,29.142277000000004,25.43,31.212875,47.70467,45.240002000000004,21.84153,40.349998,28.293459000000002,28.120001000000002,12.482436,20.390238,58.194729,39.41877,36.122654,28.129998999999998,35.589335999999996,17.597946,23.613646,20.560682,23.210567,51.836132,22.043612,28.173752,25.048103,23.636204,35.841957,22.72942,10.412755,20.109917000000003,24.865271,53.351612,37.184666,22.331460999999997,25.068991,19.88776,20.546235999999997,38.495174,18.015347,47.058807,33.513359,54.512791,42.856178,25.680164,23.607197,20.359028,19.654751,14.998687,20.689657
2018-12-01,48.304127,34.870487,56.439999,41.004314,33.062889,25.35,38.837109000000005,28.723671000000003,25.799784,26.320486,31.52,24.821012,53.022980000000004,16.678841000000002,30.938202,26.398149,11.88532,6.736372,23.901373,28.222835999999997,23.75,29.514482,44.412991,43.84,20.467297,37.68,26.173689000000003,26.42,11.012792,18.120272,56.590939,36.887196,34.146149,26.48,33.255447,16.245787,19.893553,19.244326,22.117838,47.571571,21.082462,26.286228,22.921001,22.733984,35.542023,21.645964000000003,9.629411,18.942304999999998,23.267502,50.496571,40.818279,20.873699,23.184399,18.668739000000002,19.049477,36.338806,16.795301000000002,43.318863,31.738540999999998,51.826595000000005,36.482548,23.153616,21.908028,19.017426999999998,18.508057,13.995528,19.450069
2019-01-01,51.869999,37.349998,60.290001000000004,44.07,35.161732,26.790001,41.619999,31.49,27.73,28.66,33.32,26.719998999999998,57.759997999999996,18.02,34.040001000000004,28.15,12.71,7.33,26.17,29.82,25.190001000000002,31.143223,49.150002,47.150002,23.17,41.369999,28.33,28.709999,12.4,19.959999,59.169998,39.939999,37.169998,28.110001,37.470001,17.68,24.030001000000002,20.655323000000003,23.833,53.23,21.159304000000002,28.290001,24.9,23.860001,38.110001000000004,22.910509,10.79,20.629998999999998,24.719998999999998,54.803001,35.740002000000004,22.309998999999998,25.1,19.881632,20.934998999999998,38.855,18.209999,48.143002,35.669998,54.585999,42.939999,25.743999,23.672001,20.200001,19.688999,15.594,20.819
2019-02-01,53.509997999999996,38.52,62.689999,45.509997999999996,36.338776,27.299999,42.93,32.57,28.84,29.08,34.57,27.709999,58.990002000000004,18.790001,34.599998,29.35,12.85,7.88,27.15,30.16,25.9,32.363941,50.27,47.470001,22.93,41.599998,29.639999,29.610001,12.62,20.110001,62.080002,41.490002000000004,38.094002,28.820999,39.009997999999996,17.99,26.09,21.199924,24.582001,53.830002,22.555014,29.400999,25.290001,24.43,38.709998999999996,23.532073999999998,10.81,20.940001000000002,25.360001,56.576,33.759997999999996,22.844998999999998,25.0,20.634125,21.431998999999998,39.349998,18.860001,49.738997999999995,36.990002000000004,55.556999,45.439999,26.868999,24.330999,20.690001000000002,20.032,16.32,21.482
2019-03-01,54.889998999999996,39.43,64.629997,46.68,37.246497999999995,27.6,44.09,33.599998,29.68,29.700001,35.34,28.5,60.119999,19.07,35.450001,30.120001000000002,13.27,8.19,27.889999,30.91,26.309998999999998,33.207527,51.5,48.34,23.360001,41.950001,30.32,30.319,12.96,20.27,63.709998999999996,42.450001,38.57,29.18,39.66,18.52,28.08,21.48708,25.353001000000003,54.740002000000004,22.038861999999998,30.198,25.860001,25.215,40.349998,24.24,11.0,21.620001000000002,25.790001,57.304001,32.0,23.629998999999998,25.93,21.247999,21.987,40.534,19.368999,51.290001000000004,37.490002000000004,56.131001,47.689999,27.559998999999998,24.346001,21.35,20.264999,16.834,21.969
2019-03-18,54.889998999999996,39.43,64.629997,46.68,37.34,27.6,44.09,33.599998,29.68,29.700001,35.34,28.5,60.119999,19.07,35.450001,30.120001000000002,13.27,8.19,27.889999,30.91,26.305,33.438,51.419998,48.400002,23.35,41.91,30.32,30.319201,12.96,20.27,63.769402,42.450001,38.57,29.17,39.66,18.52,28.08,21.700001,25.352698999999998,54.720001,22.075001,30.15,25.858999,25.215,40.350201,24.18,10.995,21.625,25.7908,,32.150002,23.59,25.93,,,40.533501,19.369101,51.2896,37.490002000000004,,,,,,,16.833799,
