Date,ADRD,ADRU,DAX,DBEU,DBEZ,DBGR,DBUK,DFE,DXGE,EDEN,EDOM,EFNL,EIRL,ENOR,EPV,EUDG,EUDV,EUFN,EUMV,EURL,EURZ,EUSC,EWD,EWG,EWGS,EWI,EWK,EWL,EWN,EWO,EWP,EWQ,EWU,EWUS,EZU,FDD,FEP,FEU,FEUZ,FEZ,FGM,FKU,FSZ,GREK,GRMY,GVAL,GXF,HEDJ,HEWG,HEWI,HEWL,HEWP,HEWU,HEZU,HFXE,IEUR,IEUS,IEV,NORW,OEUR,PGAL,SCID,SMEZ,UPV,VGK,WBIA
2015-12-31,18.87592887878418,18.37732696533203,23.27153968811035,22.1341495513916,24.124757766723633,22.36594581604004,16.02649688720703,50.24962615966797,24.295001983642578,53.076786041259766,21.82526969909668,29.82879066467285,39.90420913696289,17.411962509155273,58.437320709228516,21.027332305908203,37.20965576171875,17.851558685302734,21.48569679260254,23.715335845947266,21.648332595825195,23.075197219848633,25.955169677734375,24.428691864013672,38.84364700317383,25.192834854125977,16.82245635986328,28.87032127380371,22.32498550415039,14.468611717224121,25.405040740966797,22.480825424194336,28.877220153808594,36.208377838134766,32.33010482788086,10.8134765625,27.85772132873535,28.727439880371094,29.719335556030273,31.47220802307129,34.29629135131836,36.62868881225586,37.95766067504883,7.461416721343994,21.597848892211914,16.140426635742188,19.21798324584961,49.8420295715332,22.687482833862305,14.375425338745117,20.360424041748047,18.181821823120117,17.5982723236084,23.70651626586914,15.63008975982666,38.53900146484375,42.025821685791016,36.81110382080078,8.728038787841797,21.04187774658203,8.98528003692627,20.610361099243164,45.246177673339844,38.41482162475586,45.17179489135742,22.234582901000977
2016-01-29,17.794212341308594,17.247241973876953,21.354839324951172,21.260766983032227,22.8429012298584,20.83824348449707,15.474114418029785,47.43205642700195,22.83474349975586,51.43268966674805,20.104345321655273,29.334848403930664,37.23496627807617,16.64771270751953,64.67636108398438,20.027143478393555,34.5245246887207,15.839742660522461,21.075319290161133,19.56759262084961,21.648332595825195,21.788022994995117,24.34520149230957,22.693775177001953,36.128814697265625,22.130821228027344,15.984129905700684,27.121728897094727,21.884851455688477,13.202030181884766,23.688608169555664,21.626537322998047,27.481666564941406,33.030757904052734,30.632404327392578,10.316305160522461,25.89008140563965,27.05723762512207,27.96963882446289,29.552610397338867,31.7105770111084,33.243228912353516,35.20381164550781,6.627162933349609,21.597848892211914,15.229565620422363,18.41088104248047,48.1562385559082,21.17001724243164,12.743657112121582,19.861099243164062,16.96138572692871,17.286670684814453,22.577198028564453,14.597606658935547,36.23979949951172,39.20430374145508,34.83793258666992,8.277676582336426,20.657297134399414,8.5231294631958,19.372344970703125,42.25345230102539,33.83888244628906,42.663246154785156,20.94576644897461
2016-02-29,16.883771896362305,16.79879379272461,20.700355529785156,20.592891693115234,21.912399291992188,19.962610244750977,15.641282081604004,46.73215103149414,21.96771812438965,50.27326965332031,19.091508865356445,27.413949966430664,35.861942291259766,16.87790870666504,68.00051879882812,19.629871368408203,34.073707580566406,14.855798721313477,20.473424911499023,17.508359909057617,21.656110763549805,21.346435546875,24.407466888427734,21.789011001586914,35.63094711303711,20.682329177856445,15.24826431274414,26.34974479675293,21.29488754272461,13.072598457336426,22.50238037109375,21.07867431640625,26.622867584228516,32.261531829833984,29.34067726135254,10.156499862670898,25.40052032470703,25.919696807861328,27.38451385498047,28.282020568847656,31.51167106628418,32.002193450927734,35.355228424072266,6.045997142791748,21.597848892211914,15.047393798828125,17.854877471923828,46.29446029663086,20.2949161529541,11.871617317199707,19.180984497070312,16.124006271362305,17.06166648864746,21.576419830322266,14.463432312011719,35.13581085205078,38.57316589355469,33.75497817993164,8.349735260009766,20.0253849029541,7.9543280601501465,18.96257972717285,41.10312271118164,31.377872467041016,41.28671646118164,20.562070846557617
2016-03-31,17.824674606323242,17.429319381713867,22.71990203857422,21.123769760131836,22.73223304748535,21.089754104614258,15.961082458496094,51.17385482788086,23.199810028076172,53.7135124206543,21.188884735107422,29.197641372680664,38.59839630126953,18.065717697143555,58.79669189453125,20.97120475769043,35.839378356933594,15.734319686889648,21.46746063232422,21.402359008789062,21.656110763549805,22.46449851989746,26.195331573486328,23.99962615966797,39.247581481933594,22.369184494018555,16.44986915588379,27.651885986328125,23.03668785095215,14.53332805633545,24.425506591796875,22.45296859741211,28.0542049407959,34.734039306640625,31.730375289916992,10.829472541809082,27.366031646728516,27.35528564453125,29.8658504486084,30.43316650390625,34.67729949951172,34.51897048950195,37.95766067504883,7.058350563049316,21.597848892211914,16.90554428100586,18.92204475402832,48.2140007019043,21.421377182006836,12.347273826599121,19.40481948852539,16.845577239990234,17.559612274169922,22.356843948364258,15.194442749023438,37.48063278198242,41.6081657409668,35.893348693847656,8.998257637023926,21.302425384521484,9.011941909790039,20.66267204284668,44.61956787109375,35.77116012573242,44.1879768371582,21.122854232788086
2016-04-29,18.341989517211914,18.16194725036621,23.077064514160156,21.560457229614258,23.073450088500977,21.350584030151367,16.222740173339844,51.37127685546875,23.510112762451172,54.40726852416992,21.672897338867188,29.39887809753418,38.39675521850586,19.621835708618164,55.27288055419922,21.01814079284668,36.562557220458984,16.551347732543945,21.79576301574707,22.846750259399414,21.656110763549805,22.755754470825195,26.88912582397461,24.465999603271484,39.52939987182617,23.30428695678711,16.692052841186523,28.470375061035156,23.14906120300293,15.014073371887207,25.917274475097656,22.982255935668945,29.181381225585938,35.09117889404297,32.54231643676758,11.2210054397583,27.85655975341797,28.438575744628906,30.229782104492188,31.229942321777344,35.22683334350586,34.894683837890625,38.53492736816406,7.358306407928467,21.597848892211914,17.58868980407715,19.37940216064453,48.61330032348633,21.70997428894043,12.763473510742188,19.814611434936523,17.667810440063477,17.977148056030273,22.788372039794922,15.52640438079834,38.684974670410156,42.40635681152344,36.99465560913086,9.781888961791992,21.761133193969727,9.145255088806152,20.688827514648438,45.34904479980469,37.94377136230469,45.40833282470703,20.838525772094727
2016-05-31,18.278457641601562,18.06245231628418,22.729251861572266,21.93720817565918,23.654436111450195,21.807029724121094,16.266347885131836,52.286529541015625,24.212860107421875,55.67122268676758,21.565336227416992,29.50864028930664,39.06886672973633,19.08778190612793,55.4226188659668,20.95055389404297,36.68464660644531,16.454708099365234,21.84136199951172,22.261184692382812,21.656110763549805,23.451013565063477,26.284276962280273,24.186176300048828,40.44999694824219,22.27750587463379,17.018070220947266,28.4052677154541,23.326988220214844,14.255972862243652,25.10848617553711,22.935827255249023,28.841442108154297,35.906185150146484,31.361312866210938,11.105323791503906,27.950897216796875,28.320232391357422,30.191970825195312,31.037616729736328,34.83837127685547,35.453651428222656,38.18478012084961,7.883230209350586,21.597848892211914,16.923763275146484,19.110366821289062,49.7555046081543,22.128904342651367,12.578496932983398,20.54982566833496,17.62950897216797,18.05524253845215,23.26580810546875,15.608305931091309,38.511627197265625,43.09317398071289,36.6826171875,9.529685974121094,21.548999786376953,8.976391792297363,20.74985694885254,45.124595642089844,37.588077545166016,45.180660247802734,21.43768310546875
2016-06-30,17.97021484375,17.472867965698242,21.53959083557129,21.706140518188477,22.376996994018555,20.734943389892578,17.00069808959961,47.07268142700195,22.984848022460938,53.20375442504883,19.266157150268555,29.399744033813477,34.77362060546875,19.039302825927734,56.88005828857422,20.486122131347656,36.26076126098633,14.30363941192627,21.471569061279297,18.152481079101562,16.90304183959961,21.891159057617188,25.290864944458008,22.979726791381836,38.355323791503906,20.171260833740234,16.630895614624023,28.310457229614258,21.99262237548828,13.33928108215332,22.91295051574707,21.78371238708496,27.83755111694336,31.478872299194336,30.515405654907227,10.80089282989502,26.180686950683594,27.713693618774414,28.386554718017578,29.2977294921875,33.19139099121094,30.709156036376953,37.245723724365234,6.777141094207764,15.98789119720459,16.909440994262695,18.41088104248047,47.92218017578125,21.104848861694336,11.653606414794922,19.85249137878418,16.18636131286621,18.929744720458984,22.099761962890625,15.071372032165527,36.86082077026367,39.3219108581543,35.4940299987793,9.44862174987793,21.646080017089844,8.363152503967285,19.503122329711914,41.110347747802734,33.435123443603516,43.339603424072266,21.22320556640625
2016-07-29,18.61496925354004,18.197845458984375,22.953256607055664,22.39578628540039,23.3751220703125,22.004432678222656,17.439664840698242,50.07987976074219,24.28908920288086,55.01052474975586,20.48023796081543,30.964351654052734,36.08948516845703,18.926532745361328,52.68742370605469,21.258283615112305,36.9776611328125,14.850624084472656,21.751028060913086,20.016525268554688,18.195796966552734,23.18503189086914,25.919668197631836,24.50852394104004,41.037052154541016,20.80335235595703,17.053478240966797,28.845157623291016,22.876127243041992,14.271240234375,24.087034225463867,22.812416076660156,28.254117965698242,32.80595779418945,31.990591049194336,10.929696083068848,27.607507705688477,28.252004623413086,29.89851951599121,30.6136417388916,35.312034606933594,31.854406356811523,38.20124053955078,7.039602756500244,17.44667625427246,17.604347229003906,18.895139694213867,50.217288970947266,22.376216888427734,11.886484146118164,20.64043426513672,16.901784896850586,19.365558624267578,23.015274047851562,15.441978454589844,38.10226821899414,41.56104278564453,36.583553314208984,9.403584480285645,21.898500442504883,8.923067092895508,20.263368606567383,43.64411926269531,35.92497253417969,44.844322204589844,22.1411190032959
2016-08-31,18.633390426635742,18.13360595703125,23.47962188720703,22.652191162109375,23.698322296142578,22.56223487854004,17.75959014892578,50.347389221191406,24.893951416015625,54.1648063659668,20.706226348876953,31.226688385009766,37.647239685058594,19.076892852783203,51.8089714050293,21.096223831176758,36.356292724609375,15.780494689941406,21.490201950073242,20.348344802856445,18.195796966552734,23.194543838500977,26.40976905822754,25.043603897094727,41.313812255859375,20.98926544189453,17.0628662109375,28.816513061523438,23.598133087158203,14.694860458374023,24.30717658996582,22.736215591430664,28.56201934814453,33.46487045288086,32.349918365478516,10.938897132873535,27.99054527282715,28.187036514282227,30.74810218811035,30.876815795898438,35.67667007446289,32.31619644165039,38.625911712646484,6.889624118804932,17.57395362854004,17.81745147705078,18.50055694580078,50.966514587402344,22.929658889770508,12.04442310333252,20.67580795288086,17.13814353942871,19.71405792236328,23.35540008544922,15.779936790466309,38.270286560058594,41.9861946105957,36.76200485229492,9.44862174987793,21.787158966064453,8.958617210388184,20.479583740234375,44.11985778808594,36.63636016845703,45.15083694458008,21.861711502075195
2016-09-30,18.707172393798828,18.030200958251953,23.49842071533203,22.80249786376953,23.79338264465332,22.494916915893555,18.15391731262207,51.27018356323242,24.855609893798828,53.367130279541016,20.694604873657227,32.26663589477539,36.77644348144531,20.232786178588867,50.561161041259766,21.296045303344727,36.16852569580078,15.643750190734863,21.574037551879883,20.709442138671875,18.434911727905273,23.32765769958496,26.881370544433594,25.100933074951172,42.23953628540039,20.4873104095459,17.710826873779297,29.169797897338867,23.807132720947266,15.363235473632812,24.600696563720703,23.01243782043457,28.688796997070312,33.7525520324707,32.61470413208008,10.932317733764648,28.389951705932617,28.199270248413086,30.722719192504883,30.919422149658203,35.98191833496094,32.02339172363281,39.74550247192383,6.73027229309082,17.12359046936035,18.220876693725586,18.482622146606445,51.11719512939453,22.862863540649414,11.735413551330566,20.693492889404297,17.29328155517578,20.047510147094727,23.421539306640625,15.833778381347656,38.61565017700195,43.063255310058594,36.987430572509766,10.034093856811523,21.641921997070312,8.789754867553711,20.62343978881836,45.10939025878906,37.01128005981445,45.50691223144531,21.48687171936035
2016-10-31,18.06721305847168,17.44709014892578,23.22583770751953,22.820180892944336,24.08806610107422,22.706497192382812,18.16135597229004,49.453670501708984,25.149702072143555,50.81073760986328,20.79079246520996,30.139888763427734,35.044532775878906,20.063627243041992,54.144866943359375,20.034339904785156,33.17510223388672,16.181617736816406,20.30716896057129,18.435501098632812,19.051156997680664,23.55692481994629,25.466562271118164,24.756954193115234,40.46444320678711,20.970674514770508,16.809316635131836,27.699371337890625,23.256132125854492,15.476201057434082,25.178565979003906,22.90766143798828,27.167421340942383,31.107664108276367,32.28373336791992,10.673345565795898,27.49555015563965,27.267066955566406,30.877349853515625,30.740100860595703,35.0605354309082,29.84678077697754,38.42322540283203,6.824008941650391,17.417306900024414,18.743345260620117,17.33474349975586,51.66888427734375,23.082332611083984,12.264161109924316,20.081531524658203,18.078094482421875,20.16631507873535,23.742765426635742,15.65636920928955,37.34619903564453,40.654048919677734,35.81337356567383,9.962035179138184,20.29905891418457,8.754204750061035,19.895448684692383,44.10463333129883,34.86750793457031,43.90067672729492,20.375141143798828
2016-11-30,18.011568069458008,17.206439971923828,22.351696014404297,22.687559127807617,23.916959762573242,22.58146858215332,17.83399200439453,48.35078811645508,25.13072967529297,46.98575973510742,20.37396812438965,29.34353256225586,35.21870040893555,20.04483413696289,56.6804084777832,19.44171905517578,32.72300338745117,16.382179260253906,19.375646591186523,17.059425354003906,19.051156997680664,23.127050399780273,25.420324325561523,23.72501564025879,37.98312759399414,20.21773910522461,16.08623504638672,27.069190979003906,22.353626251220703,15.146719932556152,23.087228775024414,22.336162567138672,27.221755981445312,31.618083953857422,30.9976749420166,10.534611701965332,27.062774658203125,26.577232360839844,29.508888244628906,29.616958618164062,33.054603576660156,29.9215145111084,38.45218276977539,7.433295726776123,17.877458572387695,17.903671264648438,16.832550048828125,51.16475296020508,22.93920135498047,12.27789306640625,20.18323516845703,17.238523483276367,19.706138610839844,23.619943618774414,15.299774169921875,36.552791595458984,39.71871566772461,34.92108917236328,9.907991409301758,19.323352813720703,8.194291114807129,19.241567611694336,42.05516052246094,32.68528366088867,42.87343215942383,22.72748374938965
2016-12-30,18.67786979675293,17.94400978088379,23.896955490112305,24.000730514526367,25.658279418945312,24.23565101623535,18.69200325012207,51.042884826660156,27.028104782104492,49.03540802001953,21.40558624267578,30.839008331298828,36.510589599609375,20.657020568847656,51.35975646972656,20.247961044311523,33.686275482177734,17.374082565307617,20.03438377380371,19.499277114868164,19.527437210083008,24.938282012939453,26.57154083251953,25.310333251953125,39.649227142333984,22.71314811706543,16.59560203552246,28.146577835083008,23.239484786987305,15.614328384399414,24.94431495666504,23.583009719848633,28.177087783813477,31.997962951660156,32.93251419067383,11.053342819213867,28.07257843017578,28.004688262939453,31.488130569458008,31.680274963378906,34.88777160644531,30.55674934387207,39.38839340209961,7.44527006149292,17.877458572387695,18.922082901000977,17.66040802001953,54.80560302734375,24.665353775024414,13.87203598022461,21.043630599975586,18.713594436645508,20.7166748046875,25.291444778442383,16.184545516967773,38.3129997253418,41.67750930786133,36.72804641723633,10.237203598022461,20.277109146118164,8.630364418029785,19.94864845275879,44.5257453918457,35.79038619995117,44.98337173461914,22.860475540161133
2017-01-31,19.070693969726562,18.39238166809082,24.715734481811523,24.076414108276367,25.686992645263672,24.591489791870117,18.728870391845703,53.07077407836914,27.369630813598633,51.81462860107422,22.114269256591797,31.063968658447266,37.50288772583008,21.79671859741211,48.15538787841797,20.95673179626465,33.559879302978516,18.04302215576172,20.36860466003418,21.207170486450195,20.55775260925293,25.27913475036621,28.20856475830078,26.294836044311523,41.71588134765625,22.27220916748047,16.87993621826172,29.35995864868164,23.807241439819336,16.483366012573242,25.857025146484375,23.90802764892578,28.874858856201172,33.318634033203125,33.63685607910156,11.099903106689453,29.32281494140625,28.650949478149414,32.73771667480469,32.21049880981445,36.452205657958984,31.341449737548828,40.98091506958008,7.235005855560303,20.236970901489258,20.064903259277344,18.479658126831055,54.83424377441406,25.047168731689453,13.298242568969727,21.318944931030273,18.996337890625,20.8356876373291,25.23439598083496,16.581214904785156,39.46173095703125,43.18025588989258,37.702789306640625,10.821391105651855,20.61001968383789,8.5469331741333,20.545419692993164,46.1688346862793,37.7995719909668,46.315792083740234,23.010189056396484
2017-02-28,19.388694763183594,18.766019821166992,24.83950424194336,24.662948608398438,26.22293472290039,25.072357177734375,19.281890869140625,53.34177780151367,27.86294937133789,51.46842575073242,21.83795738220215,31.354555130004883,38.135231018066406,21.340837478637695,47.596370697021484,21.3781681060791,34.6609992980957,17.566516876220703,20.751922607421875,21.49995231628418,20.55775260925293,25.810209274291992,28.032838821411133,26.304391860961914,42.18470764160156,22.187772750854492,16.93680191040039,29.656139373779297,24.4904727935791,16.436132431030273,25.687654495239258,23.812435150146484,29.297191619873047,33.69596862792969,33.70347595214844,11.2023344039917,29.428606033325195,28.94129753112793,32.390769958496094,32.3714485168457,36.50979232788086,31.687091827392578,41.80130386352539,7.368810176849365,19.590797424316406,20.196046829223633,18.367942810058594,56.906166076660156,25.543529510498047,13.468085289001465,21.984882354736328,19.211671829223633,21.38495635986328,25.785863876342773,16.6385555267334,39.70654296875,43.750919342041016,37.94883728027344,10.589570999145508,20.941207885742188,8.769413948059082,20.781789779663086,46.464969635009766,38.05913162231445,46.58791732788086,23.521373748779297
2017-03-31,19.81158447265625,19.31517791748047,26.020071029663086,25.599517822265625,27.69677734375,26.091793060302734,19.586050033569336,55.192108154296875,28.868558883666992,53.27635955810547,23.39944839477539,32.760589599609375,38.97187042236328,20.84697151184082,43.45364761352539,22.263166427612305,35.84022521972656,18.620323181152344,21.55443000793457,24.418012619018555,20.55775260925293,27.306875228881836,29.19817543029785,27.480060577392578,44.53839874267578,24.14855194091797,17.780324935913086,30.554229736328125,25.799196243286133,17.163476943969727,28.613977432250977,25.341938018798828,29.88478660583496,34.51667404174805,35.787940979003906,11.525618553161621,30.771678924560547,30.337575912475586,34.571502685546875,34.48440170288086,37.96833419799805,32.67899703979492,43.29730987548828,7.6077470779418945,20.81460952758789,20.645679473876953,18.963760375976562,60.05821990966797,26.564889907836914,14.601901054382324,22.650819778442383,21.321027755737305,21.687057495117188,27.269119262695312,17.277454376220703,41.40139389038086,45.21562194824219,39.60496139526367,10.385568618774414,21.941593170166016,9.51101303100586,21.691326141357422,49.49321746826172,41.75064468383789,48.65189743041992,23.28663444519043
2017-04-28,20.131731033325195,19.748167037963867,26.73412322998047,26.025230407714844,28.456668853759766,26.418781280517578,19.475444793701172,59.05162811279297,29.181623458862305,57.2095832824707,23.472885131835938,35.15084457397461,41.00510025024414,20.97043800354004,40.019683837890625,23.460712432861328,37.719486236572266,19.500024795532227,22.271968841552734,27.11160659790039,20.55775260925293,28.455923080444336,30.62247657775879,28.368982315063477,47.06431198120117,24.814655303955078,18.424816131591797,31.758056640625,27.021316528320312,18.504819869995117,30.03479766845703,26.7854061126709,30.389751434326172,37.07311248779297,37.34890365600586,11.842924118041992,32.60160827636719,31.177927017211914,36.2090950012207,35.88844299316406,39.46708297729492,34.54502868652344,45.58475112915039,8.190752029418945,21.372669219970703,21.376333236694336,19.95989227294922,61.999271392822266,26.8798885345459,14.716660499572754,23.401676177978516,21.97358512878418,21.311721801757812,27.9251766204834,17.862171173095703,43.02561569213867,48.2686767578125,41.02449035644531,10.394842147827148,22.64905548095703,9.631523132324219,22.873180389404297,51.99605941772461,45.12491989135742,50.548160552978516,23.779993057250977
2017-05-31,20.950937271118164,20.689453125,27.914690017700195,26.782052993774414,29.055776596069336,26.822710037231445,20.231237411499023,61.51873779296875,29.72711753845215,60.18113327026367,25.978984832763672,37.231773376464844,42.46436309814453,21.521291732788086,36.26628112792969,24.75821304321289,39.550819396972656,20.068164825439453,23.85810089111328,31.00560760498047,22.07406997680664,29.21874237060547,31.491857528686523,29.649791717529297,51.12109375,26.146860122680664,19.211469650268555,33.37270736694336,28.339662551879883,19.98784828186035,31.39915657043457,28.09503936767578,31.776113510131836,37.53534698486328,39.19540786743164,12.64551830291748,34.02702331542969,32.915283203125,38.089759826660156,37.510684967041016,41.78246307373047,35.20142364501953,48.11347961425781,8.821545600891113,22.61606216430664,21.985212326049805,20.965335845947266,62.43912887573242,27.29988670349121,15.07470703125,24.036327362060547,22.31999397277832,22.37364387512207,28.46713638305664,18.44688606262207,45.120643615722656,50.20893859863281,42.95505905151367,10.710118293762207,24.031660079956055,10.71611213684082,23.969655990600586,55.167598724365234,48.9029541015625,53.029335021972656,23.26689910888672
2017-06-30,20.930335998535156,20.598892211914062,27.806598663330078,26.254335403442383,28.402006149291992,26.309526443481445,19.958641052246094,61.319908142089844,29.19162940979004,61.031410217285156,26.218656539916992,37.5902099609375,42.693180084228516,21.422470092773438,36.5457878112793,24.377071380615234,39.08794403076172,20.620088577270508,23.561813354492188,30.361486434936523,21.725122451782227,28.831806182861328,32.0767707824707,29.490856170654297,50.434486389160156,26.55021858215332,18.891340255737305,33.47727584838867,28.176198959350586,20.361957550048828,31.190542221069336,27.96343421936035,31.275876998901367,36.85515213012695,38.98556900024414,12.445720672607422,33.852935791015625,32.60648727416992,37.97820281982422,37.12110900878906,42.20814514160156,34.25113296508789,47.82277297973633,9.662603378295898,22.1001033782959,22.403223037719727,21.151527404785156,60.66716766357422,26.71761703491211,15.08388900756836,24.161470413208008,21.861236572265625,21.82437515258789,27.868127822875977,18.286855697631836,44.872520446777344,50.11296844482422,42.717777252197266,10.673026084899902,23.587051391601562,10.428742408752441,23.920223236083984,55.17954635620117,48.06659698486328,52.757015228271484,23.851680755615234
2017-07-31,21.493955612182617,21.057493209838867,28.137386322021484,26.34063720703125,28.436071395874023,25.764251708984375,19.958641052246094,64.01863098144531,28.804983139038086,64.1282730102539,27.581878662109375,38.178466796875,43.075592041015625,23.855520248413086,34.619171142578125,24.803258895874023,39.32695388793945,21.823083877563477,23.917646408081055,32.957489013671875,21.725122451782227,28.9882869720459,32.29427719116211,29.91952896118164,53.879364013671875,28.42210578918457,20.04854393005371,33.633392333984375,29.939037322998047,21.90540313720703,32.415748596191406,28.62459945678711,32.01718521118164,38.40192794799805,40.24223327636719,12.655214309692383,35.24481964111328,33.17313766479492,39.80907440185547,38.32727813720703,43.83415603637695,35.72297668457031,48.901405334472656,9.729506492614746,22.390880584716797,23.627803802490234,21.756656646728516,60.35569763183594,26.166671752929688,15.621915817260742,24.25506591796875,21.94668960571289,22.0587158203125,27.8391170501709,18.553956985473633,46.13626480102539,52.183353424072266,43.8647575378418,11.85994815826416,23.81245231628418,10.901511192321777,24.720109939575195,57.61496353149414,50.9986572265625,54.24959945678711,23.549758911132812
2017-08-31,21.302898406982422,20.88551902770996,28.266403198242188,26.407758712768555,28.450674057006836,25.686355590820312,20.320682525634766,63.885589599609375,28.853317260742188,65.93963623046875,27.451156616210938,38.38097381591797,42.9481201171875,24.33049774169922,34.43948745727539,25.08188247680664,39.00666046142578,21.306171417236328,24.061901092529297,32.752540588378906,21.725122451782227,28.875816345214844,32.83330154418945,29.968244552612305,55.57276916503906,28.928279876708984,19.874961853027344,33.47727584838867,29.841642379760742,21.982093811035156,32.016841888427734,28.877397537231445,31.754446029663086,38.077293395996094,40.43556594848633,12.579033851623535,35.54655456542969,32.98105239868164,40.352455139160156,38.375518798828125,45.12912368774414,35.457096099853516,49.24460983276367,9.815523147583008,22.723756790161133,24.09295654296875,22.119731903076172,60.083168029785156,26.11798095703125,15.847911834716797,23.95827293395996,21.59682846069336,22.367950439453125,27.81981086730957,18.42422103881836,46.107547760009766,52.06779861450195,43.82620620727539,12.101041793823242,23.896282196044922,11.031291007995605,24.633831024169922,58.492645263671875,50.87368392944336,54.287872314453125,22.645980834960938
2017-09-29,21.96108055114746,21.533798217773438,29.801029205322266,27.174869537353516,29.725746154785156,27.273494720458984,20.116455078125,66.40364074707031,30.754453659057617,66.13440704345703,28.651111602783203,39.04637908935547,45.3798828125,25.251373291015625,32.27329635620117,25.83850860595703,40.391014099121094,22.067440032958984,24.321561813354492,35.807228088378906,23.269628524780273,30.1240291595459,33.93026351928711,31.595258712768555,58.58219528198242,29.950176239013672,20.42463493347168,34.1797981262207,30.572101593017578,22.45183753967285,32.04533767700195,30.044160842895508,32.70219802856445,39.82456970214844,41.87589645385742,13.031679153442383,36.775169372558594,34.231956481933594,41.66102600097656,39.940242767333984,46.973365783691406,36.49876022338867,50.37227249145508,9.041367530822754,23.51679039001465,24.04568099975586,22.52004623413086,62.993736267089844,27.7442684173584,16.525896072387695,24.519901275634766,21.776487350463867,22.049345016479492,29.06504249572754,19.084280014038086,47.562767028808594,54.1285514831543,45.175594329833984,12.56468391418457,24.220993041992188,11.615300178527832,25.506515502929688,60.73528289794922,54.257572174072266,56.030677795410156,23.98771858215332
2017-10-31,22.114856719970703,21.572254180908203,30.551851272583008,27.759790420532227,30.44601821899414,28.208251953125,20.459928512573242,66.2507095336914,31.849416732788086,66.63107299804688,28.6697940826416,37.947021484375,45.61521911621094,25.280454635620117,31.993783950805664,26.036930084228516,40.71211624145508,21.757295608520508,24.465818405151367,36.08049392700195,23.493188858032227,30.61417007446289,33.646568298339844,32.21878433227539,59.617591857910156,29.568159103393555,20.598215103149414,33.691932678222656,30.874025344848633,22.864065170288086,32.14031219482422,30.520587921142578,32.89925765991211,40.578857421875,42.368896484375,13.079448699951172,37.31153106689453,34.24156951904297,42.0542106628418,40.32754135131836,48.03513717651367,37.36116027832031,50.43111038208008,8.859776496887207,23.761550903320312,23.950376510620117,22.222139358520508,64.65864562988281,28.69861602783203,16.582395553588867,24.967378616333008,22.192537307739258,22.555362701416016,29.8372802734375,19.35239601135254,47.6680793762207,54.67744445800781,45.40692138671875,12.527592658996582,24.130043029785156,11.568950653076172,25.560441970825195,60.4398193359375,55.09393310546875,56.29003143310547,24.95832061767578
2017-11-30,22.345518112182617,21.68760871887207,30.479095458984375,27.270755767822266,29.852277755737305,27.84798240661621,20.16286849975586,65.78233337402344,31.513029098510742,64.6541519165039,28.833248138427734,37.937374114990234,45.428916931152344,24.311111450195312,31.943872451782227,25.89297866821289,40.060176849365234,21.841880798339844,24.31194496154785,35.79747009277344,23.612741470336914,30.378902435302734,32.41720962524414,32.3844108581543,60.65298843383789,29.61591339111328,20.328201293945312,34.131011962890625,30.70845603942871,23.036623001098633,31.950359344482422,30.491422653198242,32.86172103881836,40.65524673461914,42.2625617980957,13.108110427856445,37.25302505493164,34.308860778808594,42.61310958862305,40.0757942199707,49.71626663208008,37.006614685058594,50.73508834838867,8.716414451599121,23.634273529052734,23.6263370513916,21.626319885253906,62.89638137817383,28.309085845947266,16.24434471130371,25.17741584777832,21.6346492767334,22.143051147460938,29.19053077697754,19.27579116821289,47.8691291809082,54.4848518371582,45.339447021484375,12.08249568939209,24.364105224609375,11.272311210632324,25.64133071899414,61.0307502746582,54.34408950805664,56.26121520996094,25.186115264892578
2017-12-29,22.726654052734375,22.12975311279297,30.644004821777344,27.504648208618164,29.666255950927734,27.772598266601562,20.925430297851562,67.73785400390625,31.396026611328125,66.39016723632812,29.104331970214844,38.16813659667969,47.3978271484375,25.195484161376953,30.925661087036133,26.25412940979004,40.95342254638672,22.0543212890625,24.650205612182617,37.307315826416016,23.58623504638672,30.48673439025879,32.379188537597656,32.2508430480957,62.29364776611328,29.231721878051758,20.52853775024414,34.716453552246094,31.078386306762695,23.80679702758789,31.67375373840332,30.447622299194336,34.24632263183594,42.291748046875,42.11747741699219,13.117664337158203,38.247432708740234,34.67023849487305,43.04453659057617,39.53885269165039,50.33563232421875,38.20439529418945,51.715667724609375,10.036216735839844,23.88882827758789,24.505016326904297,21.904756546020508,62.20857620239258,28.003463745117188,15.952913284301758,25.447423934936523,21.324182510375977,23.214887619018555,28.89777374267578,19.549713134765625,48.5438346862793,56.28269958496094,45.84989929199219,12.539695739746094,24.629684448242188,11.358501434326172,26.188011169433594,62.1209602355957,56.34366226196289,57.1222038269043,24.913747787475586
2018-01-31,23.856708526611328,23.299055099487305,32.17668914794922,27.911123275756836,30.751249313354492,28.27045440673828,20.790924072265625,70.86746215820312,32.12730026245117,68.48236846923828,31.432302474975586,40.472557067871094,48.454620361328125,26.689634323120117,27.741256713867188,27.383760452270508,42.33213424682617,23.965505599975586,25.60150909423828,43.685218811035156,25.24106788635254,31.486618041992188,34.40407943725586,34.194488525390625,66.76327514648438,32.439144134521484,22.257152557373047,36.26785659790039,32.88059997558594,25.845449447631836,34.41874694824219,32.50542449951172,35.5274543762207,43.969451904296875,45.069000244140625,13.929756164550781,40.754173278808594,36.45587158203125,46.30964279174805,42.28744125366211,53.15717697143555,40.22624969482422,54.814292907714844,11.012502670288086,25.376983642578125,26.75362205505371,23.101314544677734,64.38602447509766,28.774559020996094,17.194643020629883,25.696908950805664,22.488018035888672,22.859804153442383,30.01258087158203,20.158119201660156,51.29178237915039,59.52248001098633,48.3723258972168,13.33177661895752,25.625694274902344,12.103633880615234,27.764772415161133,66.4902114868164,62.39044189453125,60.338043212890625,25.704851150512695
2018-02-28,22.427236557006836,21.90749168395996,29.644847869873047,26.836872100830078,29.588058471679688,26.894025802612305,20.108781814575195,67.58425903320312,30.694002151489258,67.02863311767578,29.970073699951172,40.976043701171875,45.52126693725586,26.17205238342285,31.05543327331543,25.638675689697266,40.51803970336914,22.64092254638672,24.3272705078125,35.5046501159668,24.160560607910156,30.61417007446289,32.39828872680664,31.67458724975586,63.418331146240234,30.451311111450195,21.319597244262695,34.07246780395508,31.1567440032959,24.347862243652344,31.751073837280273,30.84747886657715,33.146846771240234,41.40925598144531,42.36990737915039,13.270529747009277,38.63910675048828,33.791900634765625,43.701473236083984,39.38345718383789,49.283695220947266,38.673927307128906,52.029449462890625,10.016691207885742,23.65385627746582,25.433164596557617,22.1556453704834,61.652008056640625,27.212844848632812,16.597476959228516,23.941102981567383,21.227996826171875,22.049419403076172,28.752363204956055,19.10758399963379,48.23420715332031,56.58430099487305,45.384220123291016,13.03593921661377,23.815584182739258,11.511348724365234,26.399633407592773,63.31521987915039,54.45945358276367,56.62969207763672,24.4765625
2018-03-29,22.206235885620117,21.643600463867188,29.334430694580078,26.56589126586914,29.19706916809082,26.210695266723633,19.196054458618164,67.2035903930664,30.27961540222168,67.47064971923828,29.291316986083984,40.60810852050781,46.14349365234375,26.474790573120117,31.175222396850586,25.811174392700195,40.30155563354492,21.855632781982422,24.723159790039062,34.681697845458984,23.43048667907715,30.075016021728516,31.97802734375,31.293670654296875,62.526336669921875,30.87384796142578,20.850820541381836,33.53581619262695,31.313457489013672,24.502452850341797,31.422447204589844,30.6231689453125,33.223331451416016,41.92323303222656,42.088348388671875,13.275900840759277,38.879425048828125,33.67290115356445,44.07989501953125,39.18528366088867,49.138179779052734,38.47450256347656,51.42148971557617,9.469970703125,23.433568954467773,25.165245056152344,21.788959503173828,61.321746826171875,26.74433135986328,16.465721130371094,24.524803161621094,20.814401626586914,21.670473098754883,28.442155838012695,18.95798110961914,48.06972122192383,56.3118896484375,45.23870086669922,13.131370544433594,23.864667892456055,11.71196174621582,26.301380157470703,62.431663513183594,54.007625579833984,56.43075180053711,24.076738357543945
2018-04-30,22.663393020629883,22.12046241760254,29.76125717163086,27.775632858276367,30.37003517150879,27.13807487487793,20.983076095581055,68.05913543701172,31.103515625,65.73206329345703,29.595170974731445,42.176666259765625,46.449668884277344,27.363468170166016,29.83757209777832,25.8404598236084,41.018245697021484,22.215164184570312,25.02275276184082,36.699893951416016,24.21409797668457,31.0249080657959,31.37628936767578,31.703886032104492,62.8753776550293,32.23748016357422,20.32344627380371,33.213829040527344,31.470172882080078,24.35752296447754,32.14735794067383,31.871503829956055,34.657432556152344,43.30030822753906,43.03982925415039,13.793892860412598,39.448150634765625,34.372802734375,44.41331481933594,40.47945785522461,49.91487503051758,39.88222122192383,51.00965118408203,10.41696834564209,23.291606903076172,24.90689468383789,21.45121955871582,63.5411376953125,27.603275299072266,17.711240768432617,24.910797119140625,21.6964168548584,23.08984375,29.615129470825195,19.52450942993164,49.05665588378906,57.46964645385742,46.17975616455078,13.598984718322754,24.195476531982422,11.960339546203613,26.78319549560547,62.43651580810547,56.65129089355469,57.64379119873047,23.83180809020996
2018-05-31,22.167329788208008,21.59494400024414,28.820302963256836,27.862733840942383,30.272287368774414,27.27474021911621,21.45384979248047,66.41532135009766,31.037214279174805,64.8480453491211,28.13200569152832,41.673179626464844,47.862022399902344,27.256046295166016,31.285030364990234,25.68426513671875,41.19496536254883,20.313440322875977,24.52181053161621,33.73137664794922,23.0362491607666,30.61417007446289,30.956029891967773,30.90298843383789,61.99308395385742,29.087677001953125,19.698410034179688,32.46251678466797,30.706192016601562,22.937232971191406,29.489355087280273,31.032779693603516,34.44709777832031,43.1645393371582,41.49610137939453,13.208754539489746,39.065731048583984,33.33267593383789,43.0404167175293,38.543060302734375,48.7940788269043,40.62976837158203,50.74489212036133,8.884200096130371,22.82362174987793,23.385498046875,21.09418296813965,63.80512237548828,27.847291946411133,16.512165069580078,24.251781463623047,20.624919891357422,23.76946449279785,29.547269821166992,19.350786209106445,47.9149055480957,56.82752990722656,44.95735168457031,13.589441299438477,23.564409255981445,11.969891548156738,26.073699951171875,59.3576545715332,53.41160202026367,56.246368408203125,24.59337615966797
2018-06-29,22.034862518310547,21.29319953918457,28.180526733398438,27.680803298950195,29.89238929748535,26.60284423828125,21.12285614013672,64.42681884765625,29.770000457763672,63.64363479614258,27.43929672241211,40.800846099853516,47.17295837402344,27.403818130493164,31.953853607177734,25.334144592285156,41.433204650878906,19.9063663482666,24.439279556274414,32.04375457763672,22.790481567382812,30.030000686645508,30.491456985473633,29.979999542236328,59.476802825927734,28.521713256835938,19.566530227661133,32.58000183105469,30.36347007751465,22.3542537689209,29.78474235534668,30.379770278930664,34.03779220581055,42.13801193237305,40.78832244873047,13.041329383850098,38.1435661315918,33.09856414794922,41.59746551513672,38.14105224609375,45.93778991699219,39.811336517333984,50.2599983215332,8.913488388061523,22.254056930541992,22.939952850341797,20.939788818359375,63.13999938964844,27.095718383789062,16.303632736206055,24.798765182495117,20.968297958374023,23.645374298095703,29.14012336730957,19.087804794311523,47.20506286621094,55.57307815551758,44.38668441772461,13.656244277954102,23.481502532958984,12.122739791870117,25.621173858642578,58.5218620300293,51.01788330078125,55.54977035522461,24.182775497436523
2018-07-31,22.852062225341797,22.229270935058594,29.36821174621582,28.686660766601562,31.03682518005371,27.75124168395996,21.583114624023438,65.3153305053711,31.10300064086914,67.60829162597656,28.1897029876709,40.94081497192383,46.913818359375,27.93062400817871,29.8575382232666,26.280956268310547,42.95268630981445,20.791969299316406,25.123380661010742,35.17237854003906,23.547178268432617,30.780000686645508,32.31035232543945,31.309999465942383,62.428436279296875,29.489221572875977,20.27243423461914,34.70000076293945,31.567657470703125,23.489238739013672,30.982019424438477,31.574256896972656,34.36075210571289,42.581153869628906,42.33988952636719,13.387384414672852,39.425289154052734,34.59359359741211,43.419471740722656,39.802818298339844,48.58018493652344,39.14240646362305,51.61000061035156,9.08922004699707,23.02385139465332,23.752328872680664,21.933704376220703,65.58999633789062,28.329999923706055,16.86865234375,26.264551162719727,21.73817253112793,24.15243911743164,30.27545928955078,19.796220779418945,48.84205627441406,56.39352798461914,46.01482391357422,13.866192817687988,24.434711456298828,12.37111759185791,26.17384147644043,59.85415267944336,54.95934295654297,57.44002914428711,24.612516403198242
2018-08-31,21.965944290161133,21.29319953918457,27.925323486328125,28.104841232299805,30.24009132385254,27.112133026123047,21.43622398376465,63.61729049682617,30.27400016784668,67.33932495117188,27.17763900756836,41.63065719604492,46.01680374145508,27.41375732421875,31.5046443939209,25.841222763061523,42.615020751953125,19.60132598876953,24.845773696899414,31.955209732055664,22.999570846557617,30.31999969482422,31.850629806518555,30.229999542236328,62.24087142944336,26.754531860351562,19.447219848632812,34.77000045776367,30.89092445373535,22.502296447753906,29.166473388671875,30.877473831176758,32.853614807128906,41.616085052490234,40.997188568115234,12.972118377685547,38.47145080566406,33.197574615478516,42.3402099609375,38.0912971496582,48.41067123413086,37.85372543334961,52.25,8.513211250305176,23.02385139465332,22.83357048034668,21.808258056640625,63.81999969482422,27.649999618530273,15.446700096130371,26.11315155029297,20.73186492919922,23.379013061523438,29.579242706298828,19.30426597595215,47.671356201171875,55.770774841308594,44.58523941040039,13.67533016204834,23.954313278198242,11.855256080627441,25.866802215576172,59.558082580566406,51.37357711791992,55.816978454589844,25.121835708618164
2018-09-28,22.163267135620117,21.98261260986328,27.964584350585938,28.173870086669922,30.09107780456543,26.72267723083496,21.40684700012207,62.90019607543945,29.899999618530273,64.32101440429688,26.985626220703125,41.4706916809082,44.92045593261719,29.04387092590332,31.47469711303711,25.589738845825195,41.69977569580078,19.955568313598633,24.96474838256836,31.730215072631836,23.248483657836914,30.299999237060547,32.800052642822266,29.739999771118164,59.05232238769531,27.30739402770996,19.05946922302246,34.689998626708984,30.045007705688477,22.58125114440918,29.05852508544922,31.245771408081055,33.391876220703125,41.074466705322266,40.78832244873047,13.049962043762207,38.16843795776367,33.430118560791016,41.668453216552734,38.12723922729492,46.31999969482422,38.19333267211914,50.65999984741211,8.093408584594727,23.02385139465332,23.020837783813477,22.05915069580078,63.220001220703125,27.229999542236328,15.88497257232666,26.17293930053711,20.692785263061523,23.604188919067383,29.499675750732422,19.35346031188965,47.58206558227539,54.77239990234375,44.744083404541016,14.524669647216797,23.848684310913086,11.61643123626709,25.609834671020508,58.66989517211914,51.075565338134766,55.85475158691406,24.343759536743164
2018-10-31,20.81402587890625,20.19540786743164,25.324193954467773,26.763696670532227,28.41217613220215,25.304656982421875,19.99669647216797,57.49455642700195,28.454999923706055,57.72654342651367,23.879940032958984,37.26163864135742,41.07326126098633,26.429725646972656,36.93510437011719,23.442028045654297,37.89119338989258,18.174522399902344,23.4993839263916,24.389495849609375,20.37104606628418,28.15999984741211,29.34215545654297,27.25,53.178680419921875,24.73066520690918,17.31955909729004,33.099998474121094,27.646581649780273,20.90345001220703,27.174283981323242,28.279464721679688,31.131174087524414,37.0270881652832,37.167999267578125,12.38302993774414,33.79434585571289,31.35068702697754,37.12189865112305,35.0089111328125,41.34000015258789,34.822166442871094,46.529998779296875,7.527162551879883,20.434541702270508,21.753812789916992,20.023069381713867,59.70000076293945,25.690000534057617,14.83311653137207,25.08324432373047,19.63958168029785,22.61537742614746,27.699459075927734,18.074382781982422,43.831851959228516,49.226951599121094,41.289249420166016,13.179086685180664,22.546472549438477,10.613368034362793,23.461511611938477,53.56773376464844,43.16380310058594,51.44359588623047,22.200597763061523
2018-11-30,20.764421463012695,20.08618927001953,25.06899070739746,26.724252700805664,28.173751831054688,24.865270614624023,20.359027862548828,56.43131637573242,28.1299991607666,58.19472885131836,23.607196807861328,35.841957092285156,39.41876983642578,25.04810333251953,37.18466567993164,23.210567474365234,38.495174407958984,18.135164260864258,23.63620376586914,23.613645553588867,20.68965721130371,28.1200008392334,29.142276763916016,26.84000015258789,51.83613204956055,25.066329956054688,17.597946166992188,33.209999084472656,28.293458938598633,20.39023780822754,27.969196319580078,27.95098114013672,30.7592830657959,35.58933639526367,37.03870391845703,12.52238941192627,32.66586685180664,31.45018196105957,36.12265396118164,34.94913864135742,40.349998474121094,33.51335906982422,45.2400016784668,7.331905841827393,19.65475082397461,21.841529846191406,20.10991668701172,59.86000061035156,25.43000030517578,14.998686790466309,25.680164337158203,20.546236038208008,22.33146095275879,27.70940589904785,18.01534652709961,43.56398010253906,47.70466995239258,41.21975326538086,12.482436180114746,22.78207778930664,10.412755012512207,22.997648239135742,53.35161209106445,42.856178283691406,51.09587097167969,22.079757690429688
2018-12-31,19.59000015258789,18.989999771118164,23.6200008392334,25.170000076293945,26.459999084472656,23.299999237060547,19.420000076293945,53.36000061035156,26.479999542236328,56.810001373291016,22.009000778198242,35.54999923706055,37.0099983215332,23.059999465942383,40.88999938964844,22.264999389648438,36.400001525878906,16.950000762939453,22.93000030517578,20.0,19.53499984741211,26.420000076293945,28.239999771118164,25.350000381469727,48.189998626708984,24.209999084472656,16.34000015258789,31.520000457763672,26.299999237060547,18.360000610351562,26.81999969482422,26.520000457763672,29.350000381469727,33.77000045776367,35.060001373291016,11.9399995803833,30.979999542236328,29.889999389648438,34.172000885009766,33.27000045776367,37.68000030517578,32.0099983215332,43.84000015258789,6.900000095367432,18.51300048828125,21.0,19.6299991607666,56.439998626708984,23.75,14.369999885559082,24.010000228881836,19.49799919128418,21.320999145507812,25.940000534057617,17.06999969482422,41.33000183105469,44.93000030517578,39.119998931884766,11.539999961853027,21.677902221679688,10.079999923706055,21.98200035095215,51.167999267578125,37.95000076293945,48.619998931884766,21.145000457763672
